,post_id,title,text,score,url,created_utc,author,num_comments,subreddit,upvote_ratio,sentiment
0,1hdvorw,Maximizing My Bitcoin Holdings with The BGBTC ,"After staking our bitcoin cash what other use case can we really rely on for the future and seems like i kinda foind something useful, not sure yet though. 

As Bitcoin's bull run continues, I'm exploring ways to leverage my holdings more effectively. The Bitget BGBTC event has caught my attention due to its potential benefits for those of us interested in both holding and actively engaging with our crypto assets.  
The event offers:

* Staking Rewards: Consistent rewards which could enhance the yield on Bitcoin holdings.
* BGPoints: Points that might be valuable for future airdrops or other benefits.
* BTC as Collateral: An opportunity to explore futures trading by using Bitcoin as collateral, thus diversifying investment strategies without selling off Bitcoin.

I'm curious about how others are planning to utilize this event to optimize their Bitcoin strategy. The event ends on January 8, 2025, so there's still time to consider participation.   
  
What are your thoughts on using such events to enhance your Bitcoin holdings? Have you found other strategies effective during this bull run? 

https://coinmarketcap.com/currencies/bitcoin/

",1,https://www.reddit.com/r/altcoin/comments/1hdvorw/maximizing_my_bitcoin_holdings_with_the_bgbtc/,2024-12-13 21:11:42,flashamazin,23,Altcoin,0.67,0.1236842105263158
1,1hckkp4,"Build, Learn, Earn with Strong HoldCoin Community for Shared Growth","HoldCoin stands out as a unique Telegram-based crypto asset management simulator game, where the ethos goes beyond mere competition to foster friendship, community, and shared growth. Within this game, players have the opportunity to HOLD various crypto assets, constructing a portfolio that enables them to earn coins through passive income.   
  
The core mechanic is straightforward: the more coins players hold, the greater their passive income, encouraging a strategy of asset accumulation and diversification.  
Having attracted over 9 million Web3 users, HoldCoin has not only maintained its appeal within this demographic but has also successfully drawn in a significant number of Web2 users, expanding its reach and influence. This blend of communities has led to an enriching environment where players not only enjoy the game but also gain practical knowledge about managing digital assets.   
  
Through in-game activities like quests and on-chain operations, participants have developed their own Web3 resident IDs, alongside acquiring valuable skills and knowledge.  
Platforms like Bitget are tapping into the excitement around HoldCoin by offering incentives such as additional $HOLD for users who engage in specific actions, like depositing HOLDCOIN or locking BTC for an airdrop. These incentives can be particularly alluring in the context of a bull run, where the promise of quick returns is tantalizing.   
  
However, while these opportunities cater to short-term profit motives, it's equally important for investors to consider the long-term value and sustainability of projects like HoldCoin.  
The crypto space is rife with examples like memecoins, which can see meteoric rises due to viral trends on social media but come with significant risks due to their volatility. In contrast, HoldCoin's approach focuses on education and community building, offering a more stable foundation for both new entrants into the crypto world and seasoned investors looking for projects with real utility.   
  
The transition from Web2 to Web3 that HoldCoin facilitates is not just about earning potential but also about learning and community engagement. As players continue to grow their portfolios, they also enhance their understanding of blockchain technology, making HoldCoin a noteworthy project in the broader crypto ecosystem. This dual focus on immediate engagement and long-term education positions HoldCoin uniquely in a market often dominated by short-term speculation.

[https://coinmarketcap.com/currencies/holdcoin/](https://coinmarketcap.com/currencies/holdcoin/)

",2,https://www.reddit.com/r/altcoin/comments/1hckkp4/build_learn_earn_with_strong_holdcoin_community/,2024-12-12 05:00:40,flashamazin,23,Altcoin,1.0,0.1498342803030303
2,1hcfdms,BGBTC staking looks like the future for staking ,"Looks like i found something interesting that has not beem rampant out there it's mainlly for BTC holders to have a nice time staking.   
  
BGBTC introduces a suite of innovative features designed to maximize the potential of your Bitcoin holdings. With effortless staking, you can stake your BTC and enjoy consistent returns while simultaneously earning BGPoints. These points can later be redeemed for token airdrops from a variety of projects, adding an extra layer of benefit to your investment.  
  
The concept of multiple earning opportunities is central to BGBTC, where your Bitcoin not only appreciates in value over time but also participates in token airdrops through strategic partnerships within the BTCFi ecosystem. This essentially turns your Bitcoin into a dynamic income generator, offering avenues for both passive and active income.  
  
An early settlement option provides additional flexibility; you can choose to settle your BGPoints earnings early, based on current market rates, providing liquidity when needed without waiting for the staking period to end.  
  
BGBTC also supports flexible trading and earn scenarios, where it can be used in diverse trading environments. Whether it's as collateral for loans or margin in futures trading, BGBTC allows you to diversify your investment strategies, making your Bitcoin work harder for you.  
  
The token's role in ecosystem growth cannot be overstated. By holding BGBTC, you're not just investing in Bitcoin; you're gaining access to participate in Launchpool and PoolX opportunities from various BTCFi projects, directly benefiting from the growth and innovations within this ecosystem.  
  
Finally, enhanced security with dual custody underpins the safety of your investment. BGBTC is secured by both Bitget and Cobo, using Multi-Party Computation (MPC) wallets with multi-signature technology. This ensures that your assets are protected with no single point of failure, as no single party can alter or move your transactions unilaterally, offering peace of mind in your investment journey.

[https://coinmarketcap.com/currencies/bitcoin/](https://coinmarketcap.com/currencies/bitcoin/)",1,https://www.reddit.com/r/altcoin/comments/1hcfdms/bgbtc_staking_looks_like_the_future_for_staking/,2024-12-11 22:52:40,flashamazin,14,Altcoin,1.0,0.06285714285714285
3,1hgdm9c,"BTC Price Prediction: Traders Now Target $120,000 as Bitcoin Sets New Recrod",,42,https://www.coindesk.com/markets/2024/12/16/bitcoin-traders-now-target-120-k-as-bullish-santa-claus-rally-gains-steam,2024-12-17 07:52:55,Odd-Radio-8500,24,CryptoCurrency,0.84,0.0
4,1hgbjra,El Salvador Is Buying 1 Bitcoin (BTC) Every Single Day - No Matter the Price,,646,https://www.reddit.com/gallery/1hgbjra,2024-12-17 06:16:03,kirtash93,114,CryptoCurrency,0.96,0.0
5,1hg9jtt,"‚ÄòNo to CBDC, yes to Bitcoin‚Äô ‚Äî European MP calls for EU BTC reserve",,149,https://cointelegraph.com/news/european-mp-pro-bitcoin-eu-parliament-no-digital-euro?utm_source=coingecko&utm_medium=coingecko&utm_campaign=coingecko&utm_content=coingecko&utm_term=coingecko,2024-12-17 04:28:15,goldyluckinblokchain,41,CryptoCurrency,0.92,0.0
6,1hg88a6,Review my portfolio - which coins to add or stack?,"I think that my portfolio is a bit too BTC heavy going into Alt coin season and I want to cut my BTC down to around 40% of my total portfolio. I have listed my top 15 coins below with their % share. Which coins do you think I should add or buy more of and why?

I'm mainly looking for relatively safe coins that might do a 3-5x in 2025, of course more would be nice and I'm willing to gamble with a small percentage of my portfolio, but overall I'm not looking to chase sh\*tcoins. :) 

1. BTC 62%
2. LINK 8%
3. CRO 5%
4. SOL 4%
5. ETH 3%
6. ADA 3%
7. AVAX 2%
8. DOGE 2%
9. SEI 1%
10. PENDLE 1%
11. BRETT 1%
12. FTM 1%
13. JUP 1%
14. AI16Z 1%
15. ZEREBRO 1%
16. Others 4%",0,https://www.reddit.com/r/CryptoCurrency/comments/1hg88a6/review_my_portfolio_which_coins_to_add_or_stack/,2024-12-17 03:00:17,Pervynstuff,42,CryptoCurrency,0.47,0.2239316239316239
7,1hg801s,Trump may use Bitcoin as US reserve asset on 'day one' ‚Äî¬†How high will BTC price go?,,380,https://cointelegraph.com/news/trump-bitcoin-us-reserve-asset-day-one-how-high-will-btc-price-go,2024-12-17 02:43:34,Abdeliq,171,CryptoCurrency,0.85,0.0
8,1hg7pdz,"THORSwap, native swaps using real DEX ! (No KYC, no custody, $moons burn inside)","https://preview.redd.it/xad5vg9iwd7e1.png?width=1036&format=png&auto=webp&s=017cc5b338fc93465a00b87e6edebe640cb8a254

https://i.redd.it/efvcsko6zd7e1.gif

  
Yo üöÄ RCC !

**Introducing**¬†[THORSwap](http://app.thorswap.finance/swap?referrer=reddit)

Swap between cryptos like BTC, ETH, SOL, AVAX, DOGE , USDT/C and many other tokens directly using real DEX.

‚úÖ No KYC  
‚úÖ No custody  
‚úÖ No limits  
‚úÖ No random bushwhack AML

**But why ?**

There is massive centralization issue with trading between different crypto networks.  
Bridges gets hacked, wrapped tokens gets deppeged, liquidity is scattered and CEXes are constantly probing users and freezing accounts to satisfy neverending list of requests from regulators.

*Swap my DOGE into BTC, when BTC tops let me swap to USDC.*  
*Swap my BTC to SOL to catch next memetoken.*

No 3rd parties, no questions.  
THORSwap never hold or custody your crypto.  
From wallet to wallet, crypto to crypto.

**But how ?**

[Thorswap.finance](http://app.thorswap.finance/swap?referrer=reddit)¬†was built to give access to real DEXes like Thorchain, Mayachain and Chainflip.  
Networks provide very deep liquidity, everything is routed for you permissionlessly.  
Pick an asset, connect wallet, swap and track.  
Done.

https://i.redd.it/hm6dcswjxd7e1.gif

**Cool, but who use this ?**

To this day THORSwap executed over 370K swaps with over $5.57B volume.  
All in decentralized manner with safety of slippage protection with automatic refunds.

We have whales üê≥ swapping millions to plankton ü¶† swapping hundreds.  
More and more people are shifting towards real DEX.

https://preview.redd.it/f02ke7xnwd7e1.png?width=1376&format=png&auto=webp&s=7031db54dbbe286fcb95e95dc85e839a40f10107

https://preview.redd.it/mc7862lowd7e1.png?width=1298&format=png&auto=webp&s=f2845b00e46958fd3bd793ca07203007a3c3b4cb

https://preview.redd.it/bboez52pwd7e1.png?width=1510&format=png&auto=webp&s=3bd87a91360ee6549effb7cccbdae11404007508

**$THOR Fee share and fee discount**

THORSwap utilize $thor with fee share and fee discount mechanism.  
For every trade coming through THORSwap, fee generated(0.5%) gets split between stakers and developers (75/25%)  
Stake $thor and get portion of fees auto compounded, get discount for your trades.  
More details on¬†[https://docs.thorswap.finance/thorswap/thorswap/fees](https://docs.thorswap.finance/thorswap/thorswap/fees)

üîê¬†**Do not trust, stay vigilant and verif**y üîí

Always doble-tripple check if you are using correct links.  
Follow¬†us on [THORSwap X](https://x.com/THORSwap)  
Bookmark and stay safe.

üü¶¬†[https://app.thorswap.finance/swap?refferer=reddit](https://app.thorswap.finance/swap?refferer=reddit)  
üü¶¬†[https://x.com/THORSwap](https://x.com/THORSwap)

**üåî $MOON buy and burnüî•**¬†!

As my personal token of gratitude towards Rcc, I will redirect 5bps(50%) of ref fees towards buying $MOONs and throwing them into crypto volcano of 0x0.  
This is my personal decision, so more volume goes through this, more moons we burn :)  
Make sure to use¬†[https://app.thorswap.finance/swap?referrer=reddit](https://app.thorswap.finance/swap?referrer=reddit)¬†to burn.

https://preview.redd.it/xayo6xp6xd7e1.png?width=1915&format=png&auto=webp&s=7a2847f9d84caad212d1af3a72637bd254956092

Merry XMAS!",2,https://www.reddit.com/r/CryptoCurrency/comments/1hg7pdz/thorswap_native_swaps_using_real_dex_no_kyc_no/,2024-12-17 02:20:45,j4c0p,7,CryptoCurrency,0.57,0.24687500000000004
9,1hg6o3y,Bitcoin Crushes Gold Ceiling: 1 BTC Equals 39 Ounces‚ÄîMore to Come?,,38,https://zycrypto.com/bitcoin-crushes-gold-ceiling-1-btc-equals-39-ounces-more-to-come/,2024-12-17 01:01:10,hiorea,12,CryptoCurrency,0.85,0.0
10,1hg4tlg,"The Bitcoin 4-Year Cycle Strikes Again: This 2019 Hot Take on BTC At $3,800k Aged Like Milk","> Ah yes the good old garbage bitcoin cycle plot. Every someone pulls this or log plot with support lines I cringe. Bitcoin graduated from kindergarten and guess what it learned something important, over leveraged illiquid markets get crushed for bad behavior. Bitcoin will never break ATH again without some ACTUAL real world application to provide buy pressure stronger than mining sell pressure 

Source: [https://www.tradingview.com/chart/BTCUSD/UuzUBUTa-Bitcoin-4-Year-Cycle/](https://www.tradingview.com/chart/BTCUSD/UuzUBUTa-Bitcoin-4-Year-Cycle/)",359,https://i.redd.it/svhvrkhbuc7e1.png,2024-12-16 22:41:46,kirtash93,99,CryptoCurrency,0.9,-0.01874999999999999
11,1hg1pel,Cold Feet,"It's a major deal for me to put 1k into anything, and I'm concerned about short term drop. I know anything goes for Bitcoin, but it's taken me this long to buy in. I remember when it dropped from $20 to $6 per BTC in 2011, my friend told me ""it's the future"". To be honest, I was only 16 and it was so shady back then it felt risky to buy. I don't even know if there were ""wallets"", I can't even remember how they were stored.

Anyhow, this is for the future. I don't need any more convincing, after seeing 10 years and over 16000% growth on what could have been. 

Am I actually too late this time? If I'm aggressive and can get 10k in over the next couple years, is there a chance I could cash out near 100k and pay off what's left of my mortgage? 

I don't want to get rich, I just want to live comfortably without these massive bills over my head. If I'm being honest, my wife isn't thoroughly convinced, so I'd be doing this in less than ideal circumstances. Essentially, I'm having to be duplicitous in hopes of having a better future for my family, because I think it's my best shot. I'm adding this for context so frivolous advice is discouraged; I'm betting a lot.

Any thoughts out there? What are the realistic prospects for a 1mil BTC in the next decade? I think it's possible it could become a (probably not THE) standard universal currency one day.

Am I just trying to recooperate my massive losses and it's too late? Or is a 10x increase written on the wall? 

Thanks for your opinions and time.",0,https://www.reddit.com/r/CryptoCurrency/comments/1hg1pel/cold_feet/,2024-12-16 19:33:13,separabis,41,CryptoCurrency,0.31,0.14211038961038963
12,1hfvvd0,Genuine question: are we close to the cycle top? ,"Many Alts have had some sort of correction ranging between 30-50%, and BTC itself hasn‚Äôt had a significant correction yet in recent months, although it‚Äôs been making new ATH almost every week (though smaller gains).

It seems the recent rally can be tied to the US elections and Trump being pro-crypto and rumors of a BTC reserve. Would this be a buy the rumor & sell the news type of thing? Does Trumps inauguration signal the top for this bull run? 

Along with this, recent MSTR tweets about their BTC accumulation and trying to convince Microsoft just doesn‚Äôt feel right‚Ä¶ like as if there is way too much hype in the right now with everyone screaming about BTC going over $100k. The overall crypto market cap has already gone over 35% compared to last bull run. This is crazy especially during times of worldwide conflict and post covid recovery.

I‚Äôve got a portfolio mix of 70% BTC , 15% LTC and 15% Algo. Clearly all the Alts have had a similar trend of corrections. Just contemplating whether it‚Äôs now time to rotate my BTC investment into altcoins. ",68,https://www.reddit.com/r/CryptoCurrency/comments/1hfvvd0/genuine_question_are_we_close_to_the_cycle_top/,2024-12-16 14:45:10,sitwan0,325,CryptoCurrency,0.64,0.09356737012987013
13,1hfq4zs,"I'm making bank, yet bleeding the King, all at the same time. ","When I re-entered the market at the bottom, I was doing well right away. I‚Äôm still in the green, but I can‚Äôt shake the feeling that I should‚Äôve just stuck with Bitcoin and ignored the altcoins.

In dollar terms, I‚Äôm making solid gains, but in Bitcoin terms, my portfolio is bleeding.

What am I holding?

48% Bitcoin

24% Ethereum (ETH)

23% Solana (SOL)

The rest is a mix of high-risk ""gamblers' picks,"" which make up a small percentage of my portfolio. If those speculative plays crash, I wouldn‚Äôt lose any sleep over it.


That said, the recent BTC pumps sting. Next time, I‚Äôm leaning toward going all-in on Bitcoin and just chilling‚ÄîI‚Äôm getting too old for this high-risk game.

For what it‚Äôs worth, I think we‚Äôll see Bitcoin dip below $40K again. I‚Äôm no moonboy; I‚Äôve been watching these charts for a decade.

What's your plan for 2025, my fellow crypto degenerates? ",0,https://www.reddit.com/r/CryptoCurrency/comments/1hfq4zs/im_making_bank_yet_bleeding_the_king_all_at_the/,2024-12-16 10:42:34,guestquest88,25,CryptoCurrency,0.32,-0.01825396825396826
14,1hfpfil,"How sure are we that there will be another bear market as pronounced as those seen in 2018, 2022 etc? With ETFs could this change the pattern?","Now that crypto has institutional investment and ETFs, I think it is likely that bear markets and bull runs are going to be less pronounced than they were in the past. Perhaps even the four year cycle that we've come to expect will fall apart soon.

The thing is all of us are waiting for 2026 or so for the next bear market, and we all are going to buy in then. However, how disappointed would we be if (lets assume this round BTC peaks at 140K) BTC actually bottomed out at 90K or something, and then in the next run it just made it to 180K in 2028. Or, for example, lets say that ETH peaks at 6K, then bottoms out at 4K, and makes it to 8K in 2028. Those scenarios would likely be disappointing to many on here, but I see this type of thing is pretty realistic.

At a certain point, is it not true that this whole thing will not be happening? After all, if cryptocurrency indeed does become a major currency, its value will be pretty stable. None of this stuff will matter anymore. How far is that though?

How powerful is the halving in reality?

Discuss.",38,https://www.reddit.com/r/CryptoCurrency/comments/1hfpfil/how_sure_are_we_that_there_will_be_another_bear/,2024-12-16 10:12:48,Caneman786,128,CryptoCurrency,0.76,-0.004910714285714266
15,1hfkbx3,"MicroStrategy acquires 15,350 BTC ahead of Nasdaq-100 listing",,1666,https://cryptobriefing.com/bitcoin-acquisition-strategy-microstrategy/,2024-12-16 06:30:12,Silver-Maximum9190,392,CryptoCurrency,0.95,0.0
16,1hfk86p,When to sell? Pt 1,"Hello crypto friends! This is the first part in a series of posts about when to sell. Originally I wrote this for my friends in the Hegecoin community. But this info is useful no matter what coin you're into. So in the spirit of the season, I'm gonna share it with all of you in here too. Hope you like it and happy holidays from Hege!

In this initial post I'll first cover some basics and outline a strategy. Then I'll dive into the first part of the strategy by explaining the four year crypto cycle and how to view it through the bitcoin dominance chart.

So let's dive in.

As I said, I want to share some thoughts with you all about when to sell. Now is certainly not the time! But let's be real, at the end of the day we're all here to make money. And, Dell jokes aside, this means at some point in time we will have to sell.

But when is that time? When DO we Dell?

The unfortunate truth here is this: nobody knows exactly. And anybody who tells you otherwise, that they can predict the top in advance, well they're either delusional, or they're simply lying to you.

The second unfortunate truth is that you will not be able to play this perfectly. You are not going to get lucky enough to sell at the exact top. But. The good news is that your timing doesn't have to be perfect. It just has to be good enough. And with the help of some key charts, I think good enough is totally possible to achieve for all of us.

But what charts should we keep track of? And how should we interpret them? There are hundreds of different ones to consider, and no single one is going to give us the absolute truth. In my opinion we should select a few key charts and principles and stick to those. Otherwise, we will always be able to find that one chart that confirms whatever it is that we already believe, and we'll end up fooling ourselves. (Confirmation bias is a bitch!)

So with that in mind, I have selected three things to consider:

1. **Crypto market cycle dynamics**, to get the big picture view.

2. **Moving averages**, to spot long term trend changes.

3. **Classical chart patterns**, to give early warning signs.

I can't possibly cover all of these in one post. So I will split this across a series of at least three posts. In this first one I will start to cover point number one: **crypto market cycles**.

I'm sure most of you are already aware of the four year crypto cycle theory. Basically it says that bitcoin and the crypto market tops every four years. The past three tops have been in 2013, 2017, and 2021, respectively. If this pattern keeps repeating, it will top again sometime in the coming 6-12 months.

Before 2013, we actually had a significant top in 2011 as well, so the track record is not perfect. But it is still good enough that we should pay close attention. However, instead of just looking at the time component, which is difficult to predict, I think a better way to see what is going on in these cycles is to study the so called dominance charts. I have selected two of them: bitcoin dominance (BTC.D), and others dominance (OTHERS.D).

Let's start with the bitcoin dominance chart. It simply shows us how much of the entire crypto market cap that belongs to bitcoin. At the time of writing, the entire crypto market cap is around $3.5 trillion, and bitcoin is around $2 trillion. So this gives us a bitcoin dominance of around 2/3.5 = 56.5%. In other words, bitcoin makes up about 56.5% of the entire crypto market right now.

What we want to study here is how this dominance has changed within the past cycles. And when we do that, we see that it follows a clear pattern: it tops out shortly before the cycle tops, and then it falls sharply leading into the peak. This nosedive into the end of the cycle represents the mythical alt season, where altcoins go on gravity-defying mind-melting rallies.

[BTC dominance \(BTC.D\) from 2017 to 2024.](https://preview.redd.it/8ptvlql6z77e1.png?width=4914&format=png&auto=webp&s=30da4863265b369fba062c02b8a16d8930f7220e)

Looking at the present chart, we see that the bitcoin dominance clearly has started to topple over recently. But we also see that it still has a long way down to go. This means two things:

1. It is very unlikely that the cycle top is in.

2. Alt season is only just starting.

So, judging by this chart, there is nothing to be concerned about right now. It is not yet time to sell.

But. When this chart starts showing bitcoin dominance down in the 40% area, that will be a warning sign that the top is near. This is the important message here. So friends, pay attention to this chart going forward!

We cannot go by the bitcoin dominance chart alone, but it is key to understand what is going on. So make sure you understand it completely. In the next post we‚Äôll have a look at the others dominance, which is a useful mirror image of the bitcoin dominance. So stay tuned for that!

Any questions or comments? Happy to discuss!

‚ù§Ô∏è Much love and happy holidays from the Hegecoin community ‚ù§Ô∏è",288,https://www.reddit.com/r/CryptoCurrency/comments/1hfk86p/when_to_sell_pt_1/,2024-12-16 06:25:20,discrete_moment,129,CryptoCurrency,0.87,0.17410602817906187
17,1hf559f,Bitcoin Breaks Barriers: Network Hashrate Smashes 800 EH/s as BTC Eyes New Price Highs,,437,https://news.bitcoin.com/bitcoin-breaks-barriers-network-hashrate-smashes-800-eh-s-as-btc-eyes-new-price-highs/?utm_source=coingecko&utm_content=coingecko&utm_campaign=coingecko&utm_medium=coingecko&utm_term=coingecko,2024-12-15 15:14:12,goldyluckinblokchain,43,CryptoCurrency,0.96,0.0
18,1hez13l,Wall Street Titans Went from Calling Bitcoin a Scam to Owning and Endorsing It,,147,https://i.redd.it/wsht1ynv327e1.jpeg,2024-12-15 10:35:57,InclineDumbbellPress,72,CryptoCurrency,0.9,0.0
19,1hey52p,What are your thoughts about this ?,"TLDR : The Bitcoin Act of 2024, introduced by pro-crypto Senator Cynthia Lummis in July, proposes that the Treasury and Federal Reserve purchase 200,000 BTC annually over five years, accumulating 1 million BTC. [‚Ä¶] Bitcoin price may hit $800,000 by 2025's end",0,https://www.tradingview.com/news/cointelegraph:19495442b094b:0-trump-may-use-bitcoin-as-us-reserve-asset-on-day-one-how-high-will-btc-price-go/,2024-12-15 09:55:49,Myrrakha,16,CryptoCurrency,0.33,0.0
20,1hetm7r,Bitcoin adoption unshaken despite Microsoft‚Äôs decision,"Bitcoin adoption has remained unshaken despite Microsoft‚Äôs decision not to add the asset to its balance sheet.

A new BTC buying spree spearheaded by Amazon could be on the horizon.

Investors continue to back BTC with hopes that more corporations will come out to support it.",86,https://www.cryptopolitan.com/bitcoin-adoption-unshaken-microsoft-decision/,2024-12-15 06:25:43,DaRunningdead,41,CryptoCurrency,0.8,0.21212121212121213
21,1hesq9e,Here it is - I made an open source AI crypto trading assistant to help me manage my cryptocurrency portfolio using natural language,"Some of you wanted to see this tool in action so as promised, allow me introduce you to this little trading assistant tool I made.

  
But first - let me clarify what the AI component actually does. This isn't some magic AI trading system or anything that's using our AI overlords to generate ungodly returns.

  
A while back, I noticed that there's a gap manual and algorithmic trading - for lack of a better term, I'll just call products pertaining to this gap ""assisted trading"": it's not really algorithmic, but it's not manual trading either.

  
And this is exactly what this tool does - it uses an LLM under the hood, that's connected to my cryptocurrency exchange using methods that execute specific actions such as:

* Checking my portfolio
* Placing trades on my behalf
* Reporting on trade performance
* plotting charts

The interface is a simple text field where you type your request in, and the chat history lives on top. Here is an example of my asking it to buy $15 worth of Polygon:

https://preview.redd.it/8jpnju3yj07e1.jpg?width=1400&format=pjpg&auto=webp&s=02d4087935cf0b878897c49574205b282b3bb670

It's job is to basically simplify and optimise the process of interacting with a cryptocurrency exchange. For instance, consider the following flow:

\- Log into exchange, navigate to pair, hit trade, select your amount, place a market order

vs

\- start CryptoGPT - ask it to buy you x amount of coin.

  
The flow could become even more efficient if I gave it the functionality to top up my crypto account with fiat from my bank account but I didn't feel like indulging into my AI findom kink that day.

  
Same idea of efficiency around other requests too - I can simply ask to see my recent trades instead of having to go look for them.

https://preview.redd.it/cwgc0iswk07e1.jpg?width=1400&format=pjpg&auto=webp&s=cd48b014acce9e4bba21fe84fbb76b4a69e02bdf

In the future I'm planning to add support to perform actions between exchanges such as: Transfer $50 of Bitcoin from Coinbase to Binance, or send 69.420 DOGE to my friend (theoretical example if I had friends).

I made a video showing a few more examples if wish to see it in action:

[https://youtu.be/g1Sb4G-fITc](https://youtu.be/g1Sb4G-fITc)

  
The tool is open source so if you feel brave enough, or want to contribute to the codebase here's the link to the GitHub repo: [https://github.com/CyberPunkMetalHead/cryptocurrency-gpt](https://github.com/CyberPunkMetalHead/cryptocurrency-gpt)

It's built using Astro.js and Typescript. The GitHub should contain all the info on how to run it locally, but I also covered it in more detail here: [https://medium.com/coinmonks/i-made-an-ai-trading-assistant-for-your-crypto-portfolio-ad59cfc000fc?sk=cda82e7ed375fe85f8c9eaac18042270](https://medium.com/coinmonks/i-made-an-ai-trading-assistant-for-your-crypto-portfolio-ad59cfc000fc?sk=cda82e7ed375fe85f8c9eaac18042270)

  
Obvious disclaimer - It's an experimental tool I built because I like the idea of using natural language to manage my portfolio, but I wouldn't recommend connect it to your main exchange account - unless you're also in r/WSB \- in that case go ham.

",10,https://www.reddit.com/r/CryptoCurrency/comments/1hesq9e/here_it_is_i_made_an_open_source_ai_crypto/,2024-12-15 05:38:09,CyberPunkMetalHead,4,CryptoCurrency,0.6,0.09353070175438596
22,1hes8zp,Which 5 coins would you buy and hold for the next 5-10 years regardless of what they do?,"I am planning on buying up to 5 cryptos in the near future and putting $1,000 into each. I am getting the money from selling covered calls weekly. The plan is to hold these cryptos for the next 5 - 10 years no matter what (sort of set it and forget it). Which five cryptos would you want to put $1,000 into and not worry about the price over the next 5 - 10 years?  Below are my selection in the order that I am planning on buying them in based on the current political climate. Let em now your thoughts and what you would change. 

1.  DOGE
2. BTC
3. ETH
4. XRP
5. LTC",0,https://www.reddit.com/r/CryptoCurrency/comments/1hes8zp/which_5_coins_would_you_buy_and_hold_for_the_next/,2024-12-15 05:09:13,LittleKangaroo2,111,CryptoCurrency,0.38,0.016666666666666666
23,1hej3vu,XRP's seems to be garbage,"\- XRP is premined.  
\- Ripple holds **2%** of the current minted xrp  
\- Ripple has full control over the remaining 50 billion xrp to be released which is approx **50%** of total supply.  
\- It is a hyper **centralized** coin. It is basically highly dependent on Ripple's success.  
\- The XRP supply seems to be in the hands of a group of bag holders who have not seen an ATH **since 2017!**  
**-** Without even talking about its usecase, it seems to have real competitors that have **more efficient fundamentals**.  
**-** It seems to be riding some sell the news events that could **blow up**.

The **XRP/BTC** all time chart is a **wild cliff**:

*Processing gif 9on8pwxobx6e1...*",0,https://www.reddit.com/r/CryptoCurrency/comments/1hej3vu/xrps_seems_to_be_garbage/,2024-12-14 18:42:12,Rent_South,285,CryptoCurrency,0.48,0.210625
24,1hedb2i,Ethereum Overtakes Tron as the Leading Network for USDT Supply,"As the headline says, ETH is now utilizing more USDT than TRON for the first time, following a surge in USDT minting. Some folks here are worried about the backing behind USDT, while others are just wondering why ETH hasn‚Äôt followed in BTC‚Äôs footsteps as it seemingly did in the past. Personally, I started out with ETH and I‚Äôm still hopeful for the future. ",36,https://cryptopotato.com/ethereum-overtakes-tron-as-the-leading-network-for-usdt-supply/?amp,2024-12-14 13:43:24,DrSpacecasePhD,12,CryptoCurrency,0.78,0.014285714285714282
25,1hebch7,"Bitcoin Mining Giant Riot Platforms Adds More Than $510,000,000 Worth of BTC to Corporate Treasury - The Daily Hodl",,49,https://dailyhodl.com/2024/12/14/bitcoin-mining-giant-riot-platforms-adds-more-than-510000000-worth-of-btc-to-corporate-treasury/,2024-12-14 12:11:38,goldyluckinblokchain,6,CryptoCurrency,0.89,0.0
26,1hea3ht,Is selling covered calls a good way to take profits?,"Let's say I want to take some profits on my BTC (for this analysis let's assume it's held as FBTC, the fidelity etf), but I don't want really want to sell any of my stack. What would be the pros and cons of selling covered calls against the shares?

If the price goes down, great! I get the premium and maintain my shares. As a longterm holder I'm fine with the temporary price drop.

If the price goes up, worst case is they exercise and my shares get called away, but I benefit from the premium received and I can repurchase however much of exposure I want to end up with, right? I guess the tax liability of the full tranche of shares getting assigned is a con. There's the obvious con of limiting upside, but that would be limited if I sold anyway. Maybe it's more of a con if the amount of underlying shares is greater than the number of shares I'd want to sell to take profits since all 100 shares are limited upside versus just 20 shares being sold outright.",1,https://www.reddit.com/r/CryptoCurrency/comments/1hea3ht/is_selling_covered_calls_a_good_way_to_take/,2024-12-14 11:15:16,bought_high_sold_low,8,CryptoCurrency,0.54,0.16568986568986568
27,1hdv9jy,Early Bitcoin investor jailed for falsely reporting crypto gains in $4M BTC sale,,152,https://www.cryptopolitan.com/early-bitcoin-investor-jailed-4m-tax-fraud/,2024-12-13 20:45:41,ChemicalAnybody6229,83,CryptoCurrency,0.92,0.0
28,1hdrvvq,Universe Crypto,"Hopefully doesn't get taken down. & I know hypothetical that we have a slim chance of seeing in our lifetime. But here it goes.

It takes radio communications approx 20 minutes to go from Earth to Mars

It takes light communications approx 3 minutes to go from Earth to Mars

How would blockchains handle this delay, if you have nodes running on both planets and you want to send Crypto from Earth to Mars. Could you in theory have your wallet sync'd on both Martian and Earth nodes, and spend them twice before the system catches on? BTC has average confirmation of 10 minutes, but other cryptos have confirmation times that are less than 3 minutes.

Or should Mars have its own Crypto? Or have two separate nodes, when you go to Mars, it takes it out of your earth node, similar to the wrappedBTC or that stuff, beams it to Mars, gets accepted there, removed from Earth node, and it'll be waiting for you once you get there in 9 mos? Then reverse transaction once you come back to earth?

We have to lay the framework somewhere, right?",0,https://www.reddit.com/r/CryptoCurrency/comments/1hdrvvq/universe_crypto/,2024-12-13 17:34:20,Nihil_Obstat753,6,CryptoCurrency,0.14,0.07649911816578484
29,1hdnqxa,Bitwise: Bitcoin to Hit $1 MILLION and Surpass Gold‚Äôs $19T Market Cap by 2029. BTC 20th Birthday Prediction,,415,https://www.reddit.com/gallery/1hdnqxa,2024-12-13 14:11:00,kirtash93,108,CryptoCurrency,0.87,0.0
30,1hdijho,"VanEck‚Äôs (an American investment management company that is heavily invested in crypto) 10 Crypto Predictions for 2025
","Top 10 Crypto Predictions for 2025 from VanEck:

1.Crypto bull market hits a medium-term peak in Q1, sets new highs in Q4

* We believe the crypto bull market will persist through 2025, reaching its first peak in the first quarter. At the cycle‚Äôs apex, we project Bitcoin (BTC) to be valued at around¬†**$180,000**, with Ethereum (ETH) trading above¬†**$6,000**. Other prominent projects, such as Solana (SOL) and Sui (SUI), could exceed¬†**$500**¬†and¬†**$10,**¬†respectively.
* Following this first peak, we anticipate a¬†**30%**¬†retracement in BTC, with altcoins facing sharper declines of up to¬†**60%**¬†as the market consolidates during the summer. However, a recovery is likely in the fall, with major tokens regaining momentum and reclaiming previous all-time highs by the end of the year

2.U.S. embraces bitcoin with strategic reserve(s) and increased crypto adoption

3.Value of tokenized securities exceeds $50 billion

4.Stablecoins daily settlement volumes reach $300 billion

5. AI agents‚Äô onchain activity surpasses 1 million agents

* One of the most compelling narratives we believe will translate into massive traction in 2025 is AI Agents.

6. Bitcoin layer-2s reach 100,000 BTC in total value locked (TVL)

7. Ethereum blob space generates $1 billion in fees

8. DeFi hits all-time highs with $4 trillion DEX volumes and $200B TVL

9. NFT market recovery with trading volumes reaching $30 billion

10. DApp tokens narrow the performance gap with L1 tokens

  
you can find more details from the source [here.](https://www.vaneck.com/us/en/blogs/digital-assets/matthew-sigel-vanecks-10-crypto-predictions-for-2025/)

",0,https://www.reddit.com/r/CryptoCurrency/comments/1hdijho/vanecks_an_american_investment_management_company/,2024-12-13 10:18:24,cannainform2,8,CryptoCurrency,0.44,0.13785984848484847
31,1hdeg6d,"Riot Platforms acquires 5,117 BTC for $510 million at an average price of $99,669 per Bitcoin.",,434,https://i.redd.it/zu5svmmtum6e1.jpeg,2024-12-13 07:18:18,Silver-Maximum9190,97,CryptoCurrency,0.95,0.0
32,1hd0ak2,Are we officially in dips are for buying mode? ,"I'm firmly in the camp that we are clearly in dips are for buying.l mode. Got to keep about 15-20% liquidity that you flip through dips. Especially true for BTC which has weathered some major sells from profit takers and barely blinked. 

Also I think January end is when the bubble really begins to inflate. There is a huge difference between Trump talking about a BTC strategic reserve as President elect versus as President. Kind of like 20th January is earnings day for BTC.

I'm continuing to stack BTC, ETH and a bunch of L2s. Have some memes for speculation as well 

Thoughts? What are you favorite dip buys? ",0,https://www.reddit.com/r/CryptoCurrency/comments/1hd0ak2/are_we_officially_in_dips_are_for_buying_mode/,2024-12-12 16:53:23,fauxmonkey,26,CryptoCurrency,0.39,0.29204545454545455
33,1hcz726,What should I do with ETH winnings?,"So I hit big on Stake, withdrew to my cold wallet. Not putting it back into gambling.  
  
Current setup:  
\- 6.2 ETH in Ledger  
\- Basic crypto knowledge¬†  
\- Gas fees scare me  
\- No staking experience  
  
  
Options I'm considering:  
\- Stake on Lido  
\- Hold for next bull run  
\- Trade for BTC  
\- Convert half to stables  
\- Try yield farming  
\- Just cash out  
  
Main questions:  
\- Best staking platform?  
\- Hold vs diversify?  
\- Good entry for yield farming?  
\- Tax implications?  
  
First time holding serious ETH. Want to make it work beyond just hodling.  
  
Priorities:  
\- Not losing it  
\- Passive income ideal  
\- Medium risk tolerance  
\- Long term growth",257,https://www.reddit.com/r/CryptoCurrency/comments/1hcz726/what_should_i_do_with_eth_winnings/,2024-12-12 16:00:09,plzbuymecheese,120,CryptoCurrency,0.79,0.048148148148148134
34,1hcxnag,Texas house introduces bill to establish btc reserve,,94,https://www.msn.com/en-us/money/other/texas-house-introduces-bill-to-establish-a-strategic-bitcoin-reserve/ar-AA1vKAST?ocid=BingNewsSerp,2024-12-12 14:46:03,Hermes_Trismagistus,11,CryptoCurrency,0.91,0.0
35,1hcvxi5,Finding strong alts,"During alt season, everyone's a winner, but there's a big difference between catching a 10x-20x and a 2x-3x. So how do you know beforehand which alts are strongest? Which alts are fueled by the narrative or have the most momentum?

This past week's market structure is an excellent opportunity to find them. At the beginning of the week, BTC dipped and the alt market overreacted, like it always does. But once BTC recovered, how did alts behave? The strong alts have already recovered and are up on the week, as if the dip never happened. Outperformers tend to continue to outperform. Scroll down coingecko and research every coin in the top 100 that is:

1. Green on the weekly.
2. Not a restaked/wrapped BTC/ETH.
3. Not a meme. Memes generally don't follow the rules IMO. I don't understand them and don't invest. Not sure how well this rule applies to them, maybe it does. Invest at your own risk.

Research every one. If you are holding a coin, and the coin you are holding is still down on the weekly, but a competitor is up? Consider moving some money over. The best tech doesn't win in alt season, narratives do. Notice a narrative that is trending (e.g. RWA), consider allocating a portion of your portfolio if you haven't already.

Bonus points: look for common narratives between coins that are up this week, e.g. gaming, AI, RWA, L2s, etc.

  
Good luck in the alt season everyone!",67,https://www.reddit.com/r/CryptoCurrency/comments/1hcvxi5/finding_strong_alts/,2024-12-12 13:29:08,explore_my_mind,224,CryptoCurrency,0.8,0.2968954248366013
36,1hcmfd0,i have never heard about this coin in months of my crypto investment and research,"https://preview.redd.it/kjjd7xvbhf6e1.png?width=1919&format=png&auto=webp&s=ddd707613294525ea1da79882c77b7f4570eacd2

today i stumbled upon maker coin, i dont know what this coin is, i have heard and seen a lot of news and discussions about all other coins but never about this,

why no one talks about this coin? when this coin is third most expensive coin on the all time list below btc and eth and has the lowest circulating supply, which means this coin might have a chance of pump because less supply and even average or low amount of buyers and this coin can go up 10-20% in any scenario

is this coin underrated? will it boom and pump in future? is it worth buying?

i've been in crypto since 6 months but havent seen any youtube video or reddit post about this particular coin and cryptocurrency, why is it so, does anybody know anything about this coin?",0,https://www.reddit.com/r/CryptoCurrency/comments/1hcmfd0/i_have_never_heard_about_this_coin_in_months_of/,2024-12-12 06:36:08,skeelymjm,3,CryptoCurrency,0.23,0.0024999999999999996
37,1hcm2d8,"Hacker exploits DOGECOIN flaw, crashing 69% of nodes and exposing a vulnerability that could have taken down the entire network.",,2744,https://i.redd.it/nnekmog7ff6e1.jpeg,2024-12-12 06:18:17,Silver-Maximum9190,397,CryptoCurrency,0.95,0.0
38,1hcky1j,How to make a good bet?,"I‚Äôm a long-term holder. I‚Äôve been holding some of my ETH stash since 2018. I don‚Äôt usually buy meme coins, shitcoins, or most altcoins. My main portfolio consists of ADA, ETH, BTC, with 25% allocated to SOL, ATOM, Osmosis, and IRIS.

Recently, I sold my WIFS at about a 25% loss. Overall, I‚Äôm up roughly 400% with my holdings.

Now I have around 2000 USDT. I‚Äôm debating whether to cash out or take a chance on a meme coin.

What do you guys think? How can I identify a gem with a high chance of doubling in value? Is there still anything worth betting on in the SOL ecosystem?

Any tips or insights would be greatly appreciated!
",4,https://www.reddit.com/r/CryptoCurrency/comments/1hcky1j/how_to_make_a_good_bet/,2024-12-12 05:20:34,Zweckbestimmung,42,CryptoCurrency,0.59,0.11407407407407406
39,1hci6kj,Tom Lee: White House Embracing Digital Assets - Expect $250K Bitcoin by 2025,,232,https://i.redd.it/l6do9qmr9e6e1.png,2024-12-12 02:26:33,kirtash93,97,CryptoCurrency,0.88,0.0
40,1hc9vt0,"Alternative View of Your Portfolio: BTC as the Standard, and 'Stacking Sats' & 'Stash a Gwei'.","By default, most would check their portfolio balancein USD, or fiat currency of their choice.

[Figure 1: Cryptocurrency by Market Cap in USD](https://preview.redd.it/v1twusxnkb6e1.png?width=1044&format=png&auto=webp&s=455fd1e1661988dccbc261a7caf0fb7d0c8f459a)

Considering the volatility of the space, an alternate view of your portfolio especially if you are stocking up on alts should be considered.

If you are using **Coingecko**, on your top-right side of the page, you can toggle the 'Currency' and view your portfolio in BTC or ETH.

[Figure 2: Coingecko's Currency Toggle to BTC](https://preview.redd.it/6shdn939lb6e1.png?width=331&format=png&auto=webp&s=510ec0a6bb6be68e8b9878df973f142271584644)

What this does is, you could view how your coins are performing in

[Figure 3: Coin's worth in BTC](https://preview.redd.it/wc0bloyflb6e1.png?width=1044&format=png&auto=webp&s=19281067bd32dc2931c824e47b174ef84c5fb274)

[Figure 4: Coin's worth in ETH](https://preview.redd.it/yd3wrr84mb6e1.png?width=1045&format=png&auto=webp&s=bd106c30881b9cc98fd218fdd595aff435ace9cf)

[Figure 5: Coin's worth in USD](https://preview.redd.it/7nqput9dmb6e1.png?width=1041&format=png&auto=webp&s=9f55a0d67ecbfdf87bb5db19923668ddd5365a9e)

As we can see here, the 'volatility' is a bit more apparent when it is viewed in USD (Figure 5). However, when viewed through both BTC and ETH perspective (Figure 3 and Figure 4), the market was in somewhat of a different view. Although I am literally taking 5 items for this example, the key here is to understand how well the coins are performing in context of the crypto space. **This could give you an idea how that alt coin have been performing, and time your DCA from alt to BTC, ETH, or other cryptos.**

Sometimes a loss isn't really a loss. You can use this information to help you to decide if you should buy, sell, or hodl. Above all else, to be in control. This is a good tool for those who are riding their alts, but planning to find a good return before stacking their sats, or stash their gweis.",4,https://www.reddit.com/r/CryptoCurrency/comments/1hc9vt0/alternative_view_of_your_portfolio_btc_as_the/,2024-12-11 17:33:42,the_far_yard,18,CryptoCurrency,0.6,0.2283333333333334
41,1hc5phn,I‚Äôm NEVER selling lmao ,"Because I can‚Äôt, I guess. I have Pepe in my safepal wallet bc I swapped a little bit of ETH for it in like February with basically zero expectations. Since it‚Äôs been pumping I wanted to see what the fees would be if I swapped my Pepe to tether and as of right now the fee would be the exact same amount as what I would be swapping and I don‚Äôt have that much jfc what a trip. 

Checked bitrefill to see if I could just buy giftcards with it and they don‚Äôt take Pepe lol. I‚Äôm not sure if I could even directly withdraw at a crypto atm bc don‚Äôt those only withdraw/deposit in BTC, ETH or stables? 

update: it seems I *can* buy giftcards with Pepe so at least not a total wash ",0,https://www.reddit.com/r/CryptoCurrency/comments/1hc5phn/im_never_selling_lmao/,2024-12-11 14:16:18,mintwede,41,CryptoCurrency,0.38,0.08165584415584416
42,1hc2xok,"I asked for it, it happened, but still did not take it.","I will make this short!

I got into the crypto in 2021. Almost before every token reaches ATH. Bought a good bag of top 10 coins.

During that time, I was most of the time disappointed and sad. sad, that why I got late into the crypto and wished for a crash.

Well, guess what?!! That crash happened. A huge one. I was 90% down on my actual investment. I was so much under pressure and scared of that famous quote; ‚ÄûCrypto is going to zero‚Äú, that I forgot my previous wish.

I witnessed Sol going to 10$ and BTC going to 12K. I was there! I fucking saw it! Bu did not dare to take the chance.

And now?!!! And now the rest is history!
A 20K worth of investment in Sol in 2023, would have been ~500k of profit, when Sol broke ATH almost a month ago!

Take your chances, people! It‚Äôs is possible. You just need to take it.",57,https://www.reddit.com/r/CryptoCurrency/comments/1hc2xok/i_asked_for_it_it_happened_but_still_did_not_take/,2024-12-11 12:17:57,navariani,65,CryptoCurrency,0.72,-0.0184640522875817
43,1hbut7b,"ALGO market cap is 3.6B, the same as in 10 April 2021. But the price is $0.44 against $1.4","Dilution is one helluva drug. Same marketcap, but almost 70% price differences.

This is the market cap chart from 2021. I picked 10 April because it has the same market cap as today:

https://preview.redd.it/b37e8y6db86e1.png?width=1036&format=png&auto=webp&s=9e66896afbba5ee75d33c39b26c6f30bbe17c1e3

As you see, the ALGO's market cap today is very close to that amount:

https://preview.redd.it/mcogbgnrb86e1.png?width=549&format=png&auto=webp&s=6e1cefbf4a5d84d39ef1765e21b928a2603b542d

To reach the same price as back then, ALGO needs to go up by 300%+ to 11.7B marketcap. Holders got dumped on by the ALGO foundation and VCs.

This is the same case with a lot of other VC coins from 2021 like LDO and many others. Which is why people are avoiding the new low-float high-FDV scams this cycle.

Inflation is good in moderate amount, but not this much.",524,https://www.reddit.com/r/CryptoCurrency/comments/1hbut7b/algo_market_cap_is_36b_the_same_as_in_10_april/,2024-12-11 06:35:12,noviwu97,179,CryptoCurrency,0.91,0.134280303030303
44,1hbt0if,"I bought $1k of the Top 10 Cryptos on January 1st, 2024 (NOV Update/Month 11/+110%)","[EXPERIMENT - Tracking 2024 Top Ten Cryptocurrencies ‚Äì Month Eleven - Up +110&#37;](https://preview.redd.it/bo6ozjasu76e1.png?width=666&format=png&auto=webp&s=4e0fca95da215df31693e5ebf9763045ca4d1400)

  
***Find the full blog post with all the tables and graphs***¬†[here](https://toptencryptoindexfund.com/tracking-2024-top-10-cryptocurrencies-month-11)***.***

The 2024 Top Ten Experiment features¬†**BTC, ETH, USDT, BNB, SOL, XRP, ADA, AVAX, DOGE,**¬†and¬†**DOT.**

**SNAPSHOTS ALWAYS TAKEN ON FIRST OF THE MONTH (data below reflects 1 DECEMBER Snapshot).**

**tl;dr**

* **What's this all about?**¬†I purchased $100 of each of Top 10 Cryptos in Jan. 2018, haven't sold or traded, reporting monthly for nearly 7 years on Reddit for your reading pleasure. Did the same in 2019, 2020, 2021, 2022, 2023, and 2024.¬†***Learn more about the history and rules of the Experiments***¬†***(including why I would include stablecoins)***¬†[here](https://toptencryptoindexfund.com/about/)***.***¬†***Learn more about the features in the 2024 Top Ten Experiment***¬†[here](https://toptencryptoindexfund.com/announcing-top-10-2024/)***.***
* **NOVEMBER Highlights:**¬†Everything was a highlight, this was a fun report to put together. **XRP** and **ADA** owned November. Top Ten Portfolio reaches an All Time High.
* YTD: **DOGE**  dethrones **BNB.** Last place so far in 2024 is¬†**AVAX**¬†(+6%)¬†
* YTD:¬†**the 2024 Top Ten portfolio shoots past S&P500¬†+110%**¬†to¬†**+27%.** DCA'ing once a year into Top Ten Cryptos for the last 7 years --> Top Ten +366% vs S&P500's +75%.
* Update on the friendly competition between Top Ten Portfolio and total market cap token¬†**AMKT**: ¬†for the first time in two years, my Top Ten (+110%) pulls ahead of the Alongside Crypto Market Index Token¬†(**AMKT**), which is YTD +88%.

# Month Eleven ‚Äì Up +110%

https://preview.redd.it/6myest6uw76e1.png?width=978&format=png&auto=webp&s=4429c9b5dec9a2c4313a57f73d82c225404aec51

The 2024 Top Ten Crypto Index Fund Portfolio is¬†**BTC, ETH, USDT, BNB, SOL, XRP, ADA, AVAX, DOGE, DOT.**

November highlights for the 2024 Top Ten Portfolio:

* **XRP**¬†and¬†**ADA**¬†have a very, very good month
* All cryptos in the positive territory YTD.¬†**DOGE**¬†rockets into first place overall,¬†**XRP**¬†is second,¬†**BTC**¬†in third.¬†**AVAX**¬†in last place¬†¬†
* **The 2024 Top Ten Portfolio**¬†is up +100% in one month, +110% in 2024.

# November Ranking and Dropouts

Here‚Äôs a look at the movement in the ranks eleven months into the 2024 Top Ten Index Fund Experiment:

https://preview.redd.it/3thsg8cww76e1.png?width=333&format=png&auto=webp&s=36233f901c12211a3a4d3a1d3f364493f49643cb

For such a busy year in crypto, not a ton of movement in the Top Ten in 2024.

# November Winners and Losers

***November Winners***¬†‚Äì¬†**XRP**¬†(+319%) outperformed its peers by far this month followed by¬†**ADA**¬†(+222%) and¬†**DOGE**¬†(+172%)

***November Losers***¬†‚Äì Although up +13%,¬†**BNB**¬†gained the least this month.

# Overall Update: DOGE flips BNB for first place.¬† 100% of cryptos in positive territory.¬† AVAX in last place.

What a difference a month makes: 100% of the Top Ten are in positive territory now, up from just¬†[60% in the green in October.](https://toptencryptoindexfund.com/tracking-2024-top-10-cryptocurrencies-month-10)

Over the last few months,¬†**DOGE**¬†(+375% YTD) has been on a tear, moving from third to first since September.¬†¬†**XRP**‚Äôs strong November landed it in second place (+241%) followed distantly third place¬†**BTC**¬†(+117%).

Eleven months into the 2024 Experiment¬†**AVAX**¬†is now in last place, up +6% since New Year‚Äôs Day.

The initial $100 invested in first place¬†**DOGE**¬†eleven months ago is worth $475 today.

# Overall return on $1,000 investment since January 1st, 2024

https://preview.redd.it/1ho0yboxw76e1.png?width=303&format=png&auto=webp&s=3a2fd12cbcc9810baf34bd65a711d004d4d572fe

The 2024 Top Ten Portfolio gained $987 in November.¬† The initial $1000 investment on New Year‚Äôs Day 2024 is now worth¬†**$2,100**, an All Time High for the Portfolio.¬†

Here‚Äôs a visual summary of the progress so far:

https://preview.redd.it/39no93syw76e1.png?width=214&format=png&auto=webp&s=fcc21b9550edf8af30dfd9dda2e3c2e9c4f05aec

# 2024 Top Ten Portfolio vs. The Alongside Crypto Market Index Token (AMKT)

The first Top Ten Crypto Experiment was started on 1 January 2018 in an attempt to¬†***capture the gains of the entire market, similar to the ‚Äúlazy‚Äù approach of the Bogleheads in traditional markets.***¬†Much has changed over the last 7 years, including the introduction of index products designed to capture the entire crypto market (instead of manually buying coins and tokens¬†[like I do for my Experiments](https://toptencryptoindexfund.com/announcing-top-10-2024)).

Like last year, I‚Äôm running a friendly competition between The 2024 Top Ten Portfolio and¬†[The Alongside Crypto Market Index Token](https://amkt.com/)¬†(**AMKT**).¬†¬†**AMKT**¬†is an ERC-20 token that represents a cap weighted index of 15 Cryptocurrencies (minus stablecoins) backed 1:1 by the underlying assets represented within the index and completely onchain.¬† Similar to the Boglehead Community, a Do Nothing Club has emerged encouraging a long-term ‚Äúlazy‚Äù crypto investing approach.¬† Since the index represents approximately 95% of the value within crypto,¬†**AMKT**¬†is an excellent proxy for the entire cryptocurrency market ‚Äì exactly what my Top Ten Portfolios have been trying to recreate from the start.¬†¬†

Here‚Äôs the question I‚Äôll be tracking this year:¬†***would I have been better off with $1,000 of AMKT instead of going through the effort of creating a homemade $1,000 Top Ten Index Fund?***

On 1 January 2024, $1000 was equal to 7.2 AMKT.¬† Eleven months into the Experiment, here‚Äôs the¬†**AMKT**¬†snapshot:¬†

https://preview.redd.it/59ks6if0x76e1.png?width=777&format=png&auto=webp&s=f77732246c255b4b3925223c7afe33b8182d80ba

**November Performances:**

* **The 2024 Top Ten Portfolio**: +89%¬†
* **AMKT**: +34%

The November monthly victory goes to:¬†**The 2024 Top Ten Portfolio**

**Overall since January 1st, 2024:**¬†

* **The 2024 Top Ten Portfolio:**¬†\+110%
* ¬†**AMKT:**¬†\+88%

Overall lead:¬†**The 2024 Top Ten Portfolio**

A very interesting month for indexooors.¬† Experiment followers may notice that this is the first month in two years that the¬†**Top Ten Portfolio**¬†has taken the overall lead from¬†**AMKT**¬†and the first month the Top Ten has held both the monthly and the overall victory columns.¬†

This is undoubtedly because of the outsized gainz of both¬†**ADA**¬†and¬†**XRP**¬†in November which are each purchased at an even distribution model (10% each) in my Experiment vs. the market cap weighted approach of¬†**AMKT**.¬† As much as I‚Äôd like to flex, I predict my outperformance will be short lived, given the data from the last two years and the fact that¬†**AMKT**¬†is coming up on its quarterly rebalancing soon.

For the more visual, here‚Äôs the table I‚Äôm using to track the friendly Top Ten vs.¬†**AMKT**¬†competition this year:

https://preview.redd.it/r2z6w362x76e1.png?width=823&format=png&auto=webp&s=0de3c67df1c4c31115faf8cc387e2b1681d259ff

# Combining the 2018, 2019, 2020, 2021, 2022, 2023, and 2024 Top Ten Crypto Portfolios¬†

So, where do we stand if we combine seven years of the Top Ten Crypto Index Fund Experiments?

* [2018 Top Ten Experiment](https://toptencryptoindexfund.com/tracking-2018-top-10-cryptocurrencies-month-78): up +79% (total value $1,789)
* [2019 Top Ten Experiment](https://toptencryptoindexfund.com/tracking-2019-top-10-cryptocurrencies-month-67): up +756% (total value $8,559)
* [2020 Top Ten Experiment](https://toptencryptoindexfund.com/tracking-2020-top-10-cryptocurrencies-month-56): up +999% (total value $10,994) (***best performing portfolio****)*
* [2021 Top Ten Experiment](https://toptencryptoindexfund.com/tracking-2021-top-10-cryptocurrencies-month-45): up +369% (total value $4,694)
* [2022 Top Ten Experiment](https://toptencryptoindexfund.com/tracking-2022-top-10-cryptocurrencies-month-34): down -1% (total value $991) (***worst performing portfolio****)*
* [2023 Top Ten Experiment](https://toptencryptoindexfund.com/tracking-2023-top-10-cryptocurrencies-month-23): up +248% (total value $3,483)
* [2024 Top Ten Experiment](https://toptencryptoindexfund.com/tracking-2024-top-10-cryptocurrencies-month-11): up +110% (total value $2,100)

Taking the seven portfolios together:

**After a $7,000 total investment in the 2018, 2019, 2020, 2021, 2022, 2023, and 2024 Top Ten Cryptocurrencies,**¬†the combined portfolios are worth¬†**$32,611**

**That‚Äôs up +366%**¬†on the combined portfolio. The peak for the combined Top Ten Index Fund Experiment Portfolios was¬†[**November 2021‚Äôs all time high**](https://toptencryptoindexfund.com/tracking-2021-top-10-cryptocurrencies-month-11/)¬†of¬†**+533%**.¬†¬†

Special shout out to the 2022 Top Ten Portfolio, which is tantalizingly close to break even point for the first time since its inception in January of 2022.

Here‚Äôs the combined monthly ROI since I started tracking the metric in January 2020:

https://preview.redd.it/wiazfe93x76e1.png?width=1074&format=png&auto=webp&s=e1f358e22ca6aade166a8c72d671d7361149c021

In summary:¬†***That‚Äôs a +366% gain by investing $1k on whichever cryptos happened to be in the Top Ten on January 1st (including stablecoins) for seven straight years***.

# Comparison to S&P 500

I‚Äôm also tracking the S&P 500 as part of my Experiment to have a comparison point to traditional markets.

https://preview.redd.it/6rn1l284x76e1.png?width=1076&format=png&auto=webp&s=63dd2b7d65fa6cf1b1eb56ab023810427143228a

The S&P 500 is up +27% so far in 2024, so the initial $1k investment into crypto on New Year‚Äôs Day would be worth $1,268 had it been redirected to the S&P.

Taking the same invest-$1,000-on-January-1st-of-each-year approach with the S&P 500 that I‚Äôve been documenting through the Top Ten Crypto Experiments, the yields are the following:

* $1000 investment in S&P 500 on January 1st, 2018 = $2,262 today
* $1000 investment in S&P 500 on January 1st, 2019 = $2,413 today
* $1000 investment in S&P 500 on January 1st, 2020 = $1,872 today
* $1000 investment in S&P 500 on January 1st, 2021 = $1,610 today
* $1000 investment in S&P 500 on January 1st, 2022 = $1,269 today
* $1000 investment in S&P 500 on January 1st, 2023 = $1,575 today
* $1000 investment in S&P 500 on January 1st, 2024 = $1,268 today

Taken together, the results for a similar approach with the S&P:¬†

**After seven $1,000 investments into an S&P 500 index fund in January 2018, 2019, 2020, 2021, 2022, 2023, and 2024 my portfolio would be worth $12,269.**

That is up¬†**+75%**¬†[since January 2018](https://toptencryptoindexfund.com/tracking-2018-top-ten-month-one/)¬†compared to a¬†**+366%**¬†gain of the combined Top Ten Crypto Experiment Portfolios.¬†¬†

The visual below shows¬†a comparison on ROI between a Top Ten Crypto approach and the S&P as per the rules of the Top Ten Experiments:¬†

https://preview.redd.it/dn3iy175x76e1.png?width=1156&format=png&auto=webp&s=de99b09ee78b11d63d2ed603f255bc598d283e06

# Conclusion:

To the long time followers of the Top Ten Experiments, thank you for sticking around so long. For those just getting into crypto, I hope these reports will help prepare you for the highs and lows that await on your crypto adventures.¬† Buckle up, go with the flow, think long term, and truly don‚Äôt invest what you can‚Äôt afford to lose.¬† Most importantly, try to enjoy the ride.¬†  
A reporting note: I‚Äôll focus on 2024 Top Ten Portfolio reports + one other portfolio on a rotating basis this year, so expect two reports from me per month.¬† November‚Äôs extended report is on the 2023 Top Ten Portfolio, which you can access¬†[here](https://toptencryptoindexfund.com/tracking-2023-top-10-cryptocurrencies-month-23).¬† You can check out the latest¬†[2018 Top Ten](https://toptencryptoindexfund.com/tracking-2018-top-10-cryptocurrencies-month-78),¬†[2019 Top Ten](https://toptencryptoindexfund.com/tracking-2019-top-10-cryptocurrencies-month-67),¬†[2020 Top Ten](https://toptencryptoindexfund.com/tracking-2020-top-10-cryptocurrencies-month-56),¬†[2021 Top Ten](https://toptencryptoindexfund.com/tracking-2021-top-10-cryptocurrencies-month-45), and¬†[2022 Top Ten](https://toptencryptoindexfund.com/tracking-2022-top-10-cryptocurrencies-month-34)¬†reports as well.",270,https://www.reddit.com/r/CryptoCurrency/comments/1hbt0if/i_bought_1k_of_the_top_10_cryptos_on_january_1st/,2024-12-11 05:05:07,Joe-M-4,78,CryptoCurrency,0.94,0.18269257655924323
45,1hbsf6a,"This Anonymous guy received $50 worth of Bitcoin back in 2012, HODLed through 13 Majestic Years, sold them for $1M in 2024 at $100k.",Imagine hodling for 13 Years,7402,https://i.redd.it/ogcetnacr76e1.jpeg,2024-12-11 04:32:03,Silver-Maximum9190,454,CryptoCurrency,0.96,0.0
46,1hbm7hz,Distribution chart is here again. ,,1,https://www.reddit.com/gallery/1hbm7hz,2024-12-10 21:11:09,moisaxe,58,CryptoCurrency,0.51,0.0
47,1hbkuyo,Transfer from Ledger to Tangem,"Hello,

I only have crypto on exchanged but my dad prefers hardware wallets. Ledger died so we entered the 24 words into Tangem app and activated the cards, liked that better as they won't die again like Ledger.

Now all ETH is showing But only a fraction of his BTC. All the BTC was showing on Ledger before it died. I assume there are multiple addresses that the BTC is on and Tangem doesn't support multiple addresses.

I'm not a wallet expert how should we proceed? Get another Ledger? Other options?

Thanks for any help.",0,https://www.reddit.com/r/CryptoCurrency/comments/1hbkuyo/transfer_from_ledger_to_tangem/,2024-12-10 19:55:03,gmf1,11,CryptoCurrency,0.43,0.146875
48,1hbhsgx,Not a single top 100 Alt from 2021/2022 has hit a new ATH against BTC. ,"An Alt to BTC pair tells how a crypto asset is performing against BTC over a period of time. Perhaps the most famous alt to btc pair is ETH to BTC and although ETH is up in USD it has never hit a new ATH against BTC.

https://preview.redd.it/eyhhd1wf946e1.png?width=1208&format=png&auto=webp&s=0bc377c08596648b802ac69b4ef20f8684f55c87

In fact if you purchased ETH during the ETH to BTC ATH on June 11th 2017 you'd be up \~11X in USD on your investment. But had you bought BTC instead you'd be up over 33x...

https://preview.redd.it/gh4hhi9y946e1.png?width=1671&format=png&auto=webp&s=0ceff32260d5b66321b634b363200a89a90a28a1

The fact is almost every single alt will be outperformed by BTC over time and although a few alts may break that trend especially in the short term. Holding alts through multiple cycles is risky at best and foolish at worst.

If we look at the top 100 Alts from 2021, not a single alt from the top 100 in 2021 has managed to break it's 2021 or 2022 ATH against BTC.

[https:\/\/web.archive.org\/web\/20211123023737\/https:\/\/www.coingecko.com\/en](https://preview.redd.it/x4to82txa46e1.png?width=986&format=png&auto=webp&s=a2620245e886d4244b02ed05238bdf2760246efa)

Now you're probably thinking one of the following. So I'll preemptively address them.

* ""Alt season is just getting started this isn't a fair comparison""
* ""Ya But I'm up in USD on my investment""
* ""I don't want to trade because taxes are complicated""
* ""It's safer to hold and your grandchildren will thank you""
* ""Stop trying to get people to sell""
* ""I'm not a trader I make a plan and stick to it""
* ""You're a trashy BTC Maxi""

So let's break these down one by one.

**\* ""Alt Season is just getting started""**

BTC Dominance has definitely fallen but if you're gambling on future gains you have to first accept it's a gamble, and the current break down could be the farthest that it goes. If you have gains it's not a bad thing to realize gains.

**\* ""Ya but I'm up in USD on my investment""**

If that's you, you either purchased a long time ago in a bear market and held through a bull market, and a bear market - and you would most likely be up even more if you just purchased BTC. Alternatively you are a new purchaser and you got some nice gains on the breakdown of BTC dominance.

If you held your ALT from 2021 to today you are guaranteed to be down significantly compared to just holding BTC.

**\* ""I don't want to trade because taxes are complicated""**

Ya Taxes are complicated but that only matters if you're in profit. If you hold your alt to the top and back down because ""you're a long term holder"", you are simply making bad investment decisions.

**\* ""It's safer to hold and your grandchildren will thank you""**

Please STOP with this nonsense, Long term nearly every Crypto asset will not only bleed value against BTC but also bleed value in USD. Don't believe me check the top 100 crypto assets in 2017, 2021, and 2024 and count how many assets from 2017 are still in the top 100 today.

**\* ""Stop trying to get people to sell""**

I'm not trying to get people to sell, I'm trying to get people to stop with the the nonsense where they demonize selling. You can hold your alt of your choice just don't reinforce the mindless selling alts is bad philosophy.

**\* ""I'm not a trader I make a plan and stick to it""**

It's always good to stick to a plan in investments and to think rationally but if your plan is to hold your alt for the next ten years, just buy BTC instead.

**\* ""You're a trashy BTC Maxi""**

I'm not a BTC Maxi I wouldn't have 98% of my crypto investments in rCC Moons if I was a BTC maxi.

\-----

Another not so Fun Fact only two of the top 30 crypto assets in 2021 have hit a new USD ATH since... Solana and Tron... but both are still down compared to their 2021 ALT to BTC ATHs.",759,https://www.reddit.com/r/CryptoCurrency/comments/1hbhsgx/not_a_single_top_100_alt_from_20212022_has_hit_a/,2024-12-10 17:15:44,GabeSter,364,CryptoCurrency,0.86,0.08965355081426511
49,1hgbe3l,"MicroStrategy only goes bankrupt if an asteroid hits Earth. For 15 years, Bitcoin has never dropped below the cost basis of long-term whales, which currently stands at $30K. MicroStrategy's debt is $7B and its BTC holdings are worth $46B. Based on BTC alone, the liq price is $16.5K.",,17,https://i.redd.it/zdop9dwu1f7e1.png,2024-12-17 06:08:05,sylsau,5,CryptoMarkets,0.81,0.0
50,1hg43vx,Do cryptocurrencies seized as proceeds of crime impact price?,"
First off, apologies if this is a dumb question or if someone else has already asked or if I‚Äôm missing key elements that make the question completely redundant. I‚Äôm pretty fresh to this whole thing.

With Trump et al. proclaiming they will be strategically ‚Äústock piling‚Äù anywhere up to 4 million BTC (quote RFK Jr), I‚Äôve been seeing a lot of stories about how the US government have acquired a lot of their current stock pile.

Apparently a large portion (if not all) of BTC the US own has been acquired through seizure from crime, think shutting down Silk Road for example.

Considering these assets aren‚Äôt paid for and effectively free, I‚Äôm wondering how, if at all, do these seizures affect the price of BTC?",2,https://www.reddit.com/r/CryptoMarkets/comments/1hg43vx/do_cryptocurrencies_seized_as_proceeds_of_crime/,2024-12-16 21:54:23,Tuna_sanga,4,CryptoMarkets,0.75,0.0881235827664399
51,1hg3u2e,How does BTC dominance goes down without the price going down?,"So what I understand is the btc dominance affects the altcoins price. When btc dominance is high, btc goes down alt goes down a lot. So in order for alts to pump, btc d needs to go down but at the same time if that happens btc also goes down hence dragging alts down. ",10,https://www.reddit.com/r/CryptoMarkets/comments/1hg3u2e/how_does_btc_dominance_goes_down_without_the/,2024-12-16 21:37:06,poorbugger,33,CryptoMarkets,0.69,-0.08825396825396825
52,1hfwugz,Should I Buy Bitcoin or Ethereum?,"So the last days I bought around 0,5 worth of BTC for long term holding. The next days I planned to buy the other half, but now after some consideration I am quite unsure since historically the Altcoinseason is about to Happen what will probably have a substantual effect on the movement of Ethereum! Should I now Invest into Ethereum in order to ride out the potential Returns during the Altcoin rally or should I just go full send into bitcoin for 1 Btc, regardless of the time? ",31,https://www.reddit.com/r/CryptoMarkets/comments/1hfwugz/should_i_buy_bitcoin_or_ethereum/,2024-12-16 15:29:19,Maleficent_Break_326,165,CryptoMarkets,0.71,0.03425925925925926
53,1hfu946,Coin strategy ,"What is the best strategy for buying crypto? I started off with BTC and ETH but sold little bits of each to fund alts. How many alts and what proportion do I give to each?
",0,https://www.reddit.com/r/CryptoMarkets/comments/1hfu946/coin_strategy/,2024-12-16 13:35:47,MelonOmar,0,CryptoMarkets,0.5,0.4375
54,1hfnzgw," Is Alt-season coming? Analyzing BTC Dominance, USDT Dominance, and TOTAL2: Lessons from Past Cycles and Signs of an Approaching Alt Season",,1,/r/CryptoMoon/comments/1gzt7ph/is_altseason_coming_analyzing_btc_dominance_usdt/,2024-12-16 09:12:43,bradcoops11,0,CryptoMarkets,0.67,0.0
55,1hfkt9o,"A proposal named ‚ÄúOne Bitcoin = One Satoshi‚Äù aims to ditch Bitcoin's decimal points. Indeed, this new proposal suggests eliminating the need for decimals, presenting Bitcoin values as integers. For example, what is now displayed as 0.00010000 BTC would be displayed as 10,000 Satoshi.",,57,https://i.redd.it/czzbnznc487e1.jpeg,2024-12-16 06:52:55,sylsau,31,CryptoMarkets,0.8,0.0
56,1hfk3cy,What are your personal thoughts on alts?,"Long story short, I bought near the top last cycle and made poor decisions, ended up holding the bags which dropped around 80% of my investment. 
Held everything and was determined make some gains this new cycle, rode btc all the way to 94k, switched into eth and some alts, rode the mini altseason we just had and ended up 10% up. 
Now, I‚Äôm having this feeling, alts aren‚Äôt behaving the way the did when I first entered this space, pumps are a lot more shy, stable, drops continue to be the same. But what has been worrying me is the slow bleed we have been seeing constantly this past weeks. Even if btc pumps alts continue to bleed and in the best case the remain stable. Maybe I was so late last cycle that I never got to experience this, maybe this cycle is different. What are your insights and thoughts on the matter?",17,https://www.reddit.com/r/CryptoMarkets/comments/1hfk3cy/what_are_your_personal_thoughts_on_alts/,2024-12-16 06:18:53,notiek,36,CryptoMarkets,0.9,0.03813131313131313
57,1hfj3jm,Want to get into crypto with some sort of understanding‚Ä¶,"I wanna get into crypto with some sort of understanding of it. Nothing crazy but I keep missing out because I‚Äôm not informed enough and I was always scared to take risked. 

I sat and talked about buying btc when it dipped to 20k and never did and it went back up missed that opportunity. 

My buddy told me to buy xrp when it was under a dollar and he had a shit load of shares I didn‚Äôt believe in that.

And most recently I missed out on btc shooting to 100k after the election because I guess I just wasn‚Äôt paying attention or didn‚Äôt have enough common sense to understand that would happen.

Well I believe that on 1/20 crypto will shoot up again and this time I don‚Äôt want to miss out. I was thinking of spending a few hundred bucks on cardano, maybe chill guy, and another coin maybe solana or another smaller coin. 

What‚Äôs everyone‚Äôs take? All advice appreciated 

TDLR: missed out on big crypto opportunities and believe in Jan 20th and want to invest now ",1,https://www.reddit.com/r/CryptoMarkets/comments/1hfj3jm/want_to_get_into_crypto_with_some_sort_of/,2024-12-16 05:29:53,Natural_Tomorrow4784,4,CryptoMarkets,0.67,-0.05714285714285715
58,1hfizc8,"It's just another manic Monday for Michael J. Saylor and MicroStrategy. MicroStrategy has acquired 15,350 BTC for ~$1.5 billion at ~$100,386 per Bitcoin. MicroStrategy is now HODLing 438,967 BTC. MicroStrategy holds 2.22% of all Bitcoin currently in circulation.",,6,https://i.redd.it/3sgpv8xlo77e1.png,2024-12-16 05:23:43,sylsau,3,CryptoMarkets,0.8,0.0
59,1hfix5c,"A lot of what I read suggests an imminent bull run, am I in an echo chamber or is that a strong possibility?","Hi everybody, I am a novice in the crypto scene (actually I am investing since 2020 but I am a novice in the market dynamics) and I have a couple of questions in order to try and learn how this whole thing works.

Premise, I am trying to be level headed in this crazy moment for crypto, my portfolio is up 150% and I am pondering my next move.

1. I read a lot about an imminent bull run, why is people so confident? Regardless of your political stance, Trump and Elon are coming in January and this is a good thing for the market. But is this enough?
2. since the last month BTC is slowly growing and putting in sliglthy better highs in what seems an upwards directed accumulation phase, why are altcoins stagnating? Shouldn't this be their dream scenario?
3. something psychological, what is happening right now? People seems to have high expectations but BTC grows slowly and altcoins might be even bleeding, if someone was certain of a bullrun altcoins should be a no brainer rn since even the most famous of them didn't even reach their ATH yet.

Thank you in advance.",17,https://www.reddit.com/r/CryptoMarkets/comments/1hfix5c/a_lot_of_what_i_read_suggests_an_imminent_bull/,2024-12-16 05:20:24,NorthmanTheDoorman,66,CryptoMarkets,0.78,0.13111111111111107
60,1hfg8o5,The next Bitcoin? ,"Hi guys, I'm fairly new to crypto. I've recently purchased some xrp and solana and trying to learn more about cryptos in general. 
For all the experts, which coin do you think will be the next btc? If you have to explain it to a rookie like me, which coin do you think would perform like btc and make us rich lol ",0,https://www.reddit.com/r/CryptoMarkets/comments/1hfg8o5/the_next_bitcoin/,2024-12-16 02:29:26,Jamie_r01,22,CryptoMarkets,0.38,0.26590909090909093
61,1hfdunu,Do I just dca btc?,"Hey everyone, not much of a crypto I guy but have around 10k usd liquid. Should I dca a few hundred a month into btc as a long term investment?",0,https://www.reddit.com/r/CryptoMarkets/comments/1hfdunu/do_i_just_dca_btc/,2024-12-15 23:24:12,DeepFriedDave69,13,CryptoMarkets,0.5,-0.11666666666666668
62,1hfb1j7,Crypto portfolio suggestions,"Guys I build my portfolio with 50% to BTC, ETH & SOL and rest in chainink, cardano and others.

I want to invest some more amount but I don‚Äôt have deep knowledge. Please suggest me for my portfolio. I will do my research and invest.

I want to build it for next 1-2 yr and comfortable for high risk high return.",2,https://www.reddit.com/r/CryptoMarkets/comments/1hfb1j7/crypto_portfolio_suggestions/,2024-12-15 20:22:10,Mr_Champ01,1,CryptoMarkets,0.75,0.20333333333333334
63,1hfajno,Trump‚Äôs Fake Pro-Crypto Stance Is Seriously Pissing Me Off,"
As a lifelong Trump supporter, I‚Äôve stuck with him through almost everything. But his recent flip-flopping on crypto is making me furious. Back in 2022, when Bitcoin was crashing, I really wanted to gamble some money on it‚Äîjust buy 1 BTC at the lows, set a sell limit, and forget about it. I even have texts with my brother from back then where I was seriously considering it.  

But no, I didn‚Äôt do it. Why? Because Trump called it a scam. And I trusted him. I ended up going with stock-picking instead, and put my money into EV stocks like Rivian and Lucid. Guess what? Those tanked hard and probably won‚Äôt recover anytime soon. Meanwhile, Bitcoin has quietly recovered, and anyone who bought at $69k is sitting on profits.  

What gets me the most is how Trump suddenly changed his mind on crypto without any explanation. There‚Äôs one thing about evolving your views, but to not even explain why you did a 180? That‚Äôs just fake. And now here I am, unemployed and struggling to get by, knowing that if I had just ignored him and bought that Bitcoin, it would‚Äôve made up for pretty much all my losses from 2021.  

I‚Äôm not even mad about the crypto itself‚ÄîI still think it‚Äôs all fake pumps and hype. But the point is, I missed out on the gamble because I trusted Trump‚Äôs judgment back then. He let me down on this one, and it‚Äôs hard not to feel bitter about it. And now it just looks like he's a con man",0,https://www.reddit.com/r/CryptoMarkets/comments/1hfajno/trumps_fake_procrypto_stance_is_seriously_pissing/,2024-12-15 19:53:47,Muslim_conservative,16,CryptoMarkets,0.25,-0.09195906432748539
64,1hf1yqw,Can someone help?,Just a quick question. I have XRP and if BTC dump down does all Crypto follow him? Does alt coins go up when btc fall down?,0,https://www.reddit.com/r/CryptoMarkets/comments/1hf1yqw/can_someone_help/,2024-12-15 12:47:45,tvrda_tripola,3,CryptoMarkets,0.5,0.0074074074074074
65,1hf0thy,XRP or FTM?,"Hey everyone, i was really thinking about diving in and starting some investments in Crypto. Based off my research I‚Äôve found Ripple & Fantom to be my two picks right now but to be honest I don‚Äôt fully understand each coin. If you had to choose between the coins, which would you go with and why? Is there certain gaps that either XRP or FTM fill that other major coins like BTC and ETH miss? What are some outlooks on either coin? Any advice, tips or comments would be greatly appreciated! Thanks üôè ",12,https://www.reddit.com/r/CryptoMarkets/comments/1hf0thy/xrp_or_ftm/,2024-12-15 11:55:50,TryingToCatchThemAII,54,CryptoMarkets,0.93,0.18749999999999997
66,1hewclb,What should i buy ????,"Hello guys I'm turning 18 nest month ,and I'm thinking of buying  2 or 1k in five to ten altcoins

I'm thinking of putting most of it in sol, eth ,btc xrp and dodge 
 What do you guys think i should buy? 
what are your top 5/10 crypto for 2025 ?
",14,https://www.reddit.com/r/CryptoMarkets/comments/1hewclb/what_should_i_buy/,2024-12-15 08:36:11,Nearby-Result1661,138,CryptoMarkets,0.71,0.3333333333333333
67,1hew3dd,Next rocket ship ,"Hey guys! First off let me say that I am not being political whatsoever, I don‚Äôt care about politics. Now with that being said. Trump being ‚Äúpro crypto‚Äù, I would like to hear the communities opinions on the price of crypto directly before and directly after the inauguration. Me personally I have invested most of my money in BTC and some DOGE. I‚Äôm going to drop maybe 5k around Christmas between the 2. I think doge is going to jump with everything positive announcement that has to do with trump, Musk, and the department of government efficiency.",0,https://www.reddit.com/r/CryptoMarkets/comments/1hew3dd/next_rocket_ship/,2024-12-15 08:24:19,Reasonable-Peanut-89,18,CryptoMarkets,0.33,0.16818181818181818
68,1heiotj,"Here is my portfolio for altseason, thoughts? ","Hi lads, here is my altseason portfolio, what do you think?

BTC, of course, highest % for risk hedging, dcaed at around 13k, currently up 645%.partially liquidated, holding the rest, buying more in the bear market 

ADA, dcaed at 0,68 EUR, currently up 52% planning to partially liquidate at about 2 EUR and then progressively up to 5 EUR  

ALGO dcaed at 0,55 EUR, currently down abt 30% waiting 

LINK dcaed at 5,90 EUR, currently up 364% planning to partially liquidate soon, then fully liquidate at abt 50 EUR 

KDA, small chip, dcaed at 1,52 currently down 18% soon to be liquidated, at a loss eventually 

VET, dcaed at 0,028, currently up 91% liquidating partially soon 

BNB, dcaed at 285 EUR, holding 


Recent adds 

ATOM bought at 8,5 EUR
EOS bought at 1,09 EUR 
CAKE bought at 3,2 EUR 
LKI bought at 0,25 EUR 

Thank you for your feedback

",8,https://www.reddit.com/r/CryptoMarkets/comments/1heiotj/here_is_my_portfolio_for_altseason_thoughts/,2024-12-14 18:17:36,Lord_Abraxxas,54,CryptoMarkets,0.68,-0.030092592592592587
69,1heau05,New to trading question ,"Hi, first off, sorry if this has been asked but I‚Äôm pretty new to crypto trading and I kind of want to start small. I have some DOGE, XRP, LINK and ICP. I would like to put roughly $500-$1k in monthly. Is it a better idea to buy into meme coins or smaller coins than say BTC or ETH until I have more assets or money to deposit into one of those coins, especially now that BTC is so high? Thanks, much appreciated.",0,https://www.reddit.com/r/CryptoMarkets/comments/1heau05/new_to_trading_question/,2024-12-14 11:48:38,Skewtuh,9,CryptoMarkets,0.5,0.139025974025974
70,1he4yxz,Will the republican presidency mean the end of the extreme boom and bust cycles ? ,Given that the government will now start building a BTC reserve and that BTC and eth ETFs are slowly getting more and more attention does that mean that the extremes swings will stop?  ,0,https://www.reddit.com/r/CryptoMarkets/comments/1he4yxz/will_the_republican_presidency_mean_the_end_of/,2024-12-14 07:15:22,Scared_Echo998,11,CryptoMarkets,0.36,0.09687499999999999
71,1hdz6bb,Wallet question!,"I‚Äôve sent btc from my exchange to my wallet, but people in my dm‚Äôs tells me I need to verify or synchronize the wallet? I got a brand new wallet, and ive been waiting almost 12 hours for my transfer to go trough, but its still pending, I got the btc on the exchange still. Nothing in my wallet. Is it all over for me? ",0,https://www.reddit.com/r/CryptoMarkets/comments/1hdz6bb/wallet_question/,2024-12-14 01:07:59,Cool_Client324,4,CryptoMarkets,0.5,0.13636363636363635
72,1hdulmu,Crypto,"I've recently started researching cryptocurrency, but I don't understand much, I saw that there's going to be a BTC halving, I wanted to know more about it and learn, what do you recommend? I see several communities that tell me what to buy, but I have to pay per month and I'm afraid it's just a scam and won't help me at all",0,https://www.reddit.com/r/CryptoMarkets/comments/1hdulmu/crypto/,2024-12-13 20:05:37,Important-Finger-690,13,CryptoMarkets,0.29,0.019999999999999997
73,1hdpn8p,Update from my earlier post on btc ,"Here is an update from my post on btc analysis $102k still acting as strong resistance check my chart and my twitter for the latest analysis breaking 102k with a candle close on a 4h will signal a bigger move if unable then lower targets likely first 
https://x.com/CryptoCT01/status/1867714610331009521?t=so5Z2ubzadLCaf5iydzdnA&s=19",4,https://www.reddit.com/r/CryptoMarkets/comments/1hdpn8p/update_from_my_earlier_post_on_btc/,2024-12-13 15:41:14,Cryptoxox,0,CryptoMarkets,0.84,0.09761904761904762
74,1hdgeqp,I had a theory about alt seasons changing and,"‚Ä¶ aaand well here‚Äôs chatgpt‚Äôs wonderful prompted argument for it:  


Your argument about Bitcoin dominance remaining relatively higher due to increased participation by institutional and whale investors is both plausible and noteworthy. Here‚Äôs a breakdown of its playability and plausibility, and how it may alter predictions regarding an altcoin season:

Plausibility of the Argument
	1.	Institutional Investors‚Äô Focus on Bitcoin:
	‚Ä¢	Truthful and Evident: Institutional investors (e.g., BlackRock, Grayscale) have largely focused on Bitcoin due to its status as a ‚Äúdigital gold,‚Äù regulatory acceptance, and liquidity.
	‚Ä¢	Example: Bitcoin ETFs (spot and futures) are gaining traction, which primarily benefits BTC rather than altcoins.
	2.	Bitcoin Dominance Trends:
	‚Ä¢	Historical Context: Previous alt seasons (e.g., 2017 and 2021) saw Bitcoin dominance dip below 40%, as retail investors diversified into altcoins.
	‚Ä¢	Current Dynamics: Recent altcoin rallies (e.g., Chainlink, Avalanche) have occurred without a sharp drop in Bitcoin dominance, which remains above 50%.
	‚Ä¢	Implication: It‚Äôs reasonable to expect Bitcoin dominance to stay relatively high even during an altcoin season.
	3.	Whale Behavior:
	‚Ä¢	Large holders often treat BTC as a safer store of value, avoiding riskier altcoins unless those altcoins exhibit clear, scalable use cases (e.g., ETH for DeFi or ARB for Layer 2 scaling).

Playability of the Argument

Your argument shifts the framework for identifying an alt season:
	‚Ä¢	New Metrics Required: Instead of relying solely on a sharp drop in Bitcoin dominance, alt seasons may now be driven by:
	‚Ä¢	Sector-Specific Growth: Focus on DeFi, Layer 2 solutions, or AI-related altcoins.
	‚Ä¢	Rotational Liquidity: Investors moving from Bitcoin to promising altcoins without BTC dominance falling below 50%.
	‚Ä¢	Revised Expectations: The traditional idea of alt season with BTC dominance below 40% may no longer hold, as institutional interest keeps Bitcoin as a significant market anchor.

Does This Change the Prediction?

Yes, the argument influences the interpretation of market conditions and timing of an alt season:
	1.	Alt Season Likelihood:
	‚Ä¢	An alt season is still plausible but may look different:
	‚Ä¢	Focused on Quality Projects: Altcoins with strong fundamentals, utility, and tokenomics (e.g., ETH, LINK, DOT) will outperform weaker, speculative coins.
	‚Ä¢	Sector-Led Growth: Specific sectors (e.g., DeFi, NFTs, AI, or Layer 2 solutions) may lead rather than the broader market.
	‚Ä¢	Bitcoin dominance may not drop significantly but could stabilize between 50-55%.
	2.	Market Strategy Shift:
	‚Ä¢	Investors should focus on altcoins with real-world use cases, high developer activity, and scalability rather than speculative or meme-based tokens.
	‚Ä¢	Projects like ETH (DeFi leader), ARB (Layer 2 scaling), and DOT (interoperability) are more likely to drive gains.
	3.	Timeline Shift:
	‚Ä¢	Altcoin growth may happen in shorter, sector-specific waves rather than a single, broad alt season. For example:
	‚Ä¢	A Layer 2 boom followed by a DeFi boom.
	‚Ä¢	Stronger performance from higher-cap altcoins rather than smaller speculative projects.

Conclusion

Your argument is both plausible and insightful. It redefines how we interpret alt seasons in the current market dynamic. Instead of focusing on sharp drops in Bitcoin dominance, future alt seasons will likely be:
	‚Ä¢	Sector-driven and selective rather than broad and retail-fueled.
	‚Ä¢	Dominated by fundamental utility altcoins over speculative plays.

Revised Prediction: The next alt season is likely to focus on strong projects within specific sectors rather than the entire altcoin market, with Bitcoin dominance remaining relatively stable above 50%. This shift requires a more nuanced investment strategy, emphasizing quality over quantity.




sorry for the text dump,  but i couldn‚Äôt have said it better myself lol.    

thoughts? ",0,https://www.reddit.com/r/CryptoMarkets/comments/1hdgeqp/i_had_a_theory_about_alt_seasons_changing_and/,2024-12-13 08:45:50,sirCota,12,CryptoMarkets,0.46,0.1474723424723425
75,1hd7rnz,Different type of Bull Market in 2025,"There are some characteristics that are different from the previous 2 bull years 2017 and 2021. The next 2 weeks will provide some clarity. BTC got an abnormal pump 8 month early due to ETFs buying but none of the alt coins followed. We got a small Alt coin pump in November. This should not have happened until the last 2 weeks of December based on previous cycles. Where cryptocurrencies are priced at by December 31 should dictate what new highs we can expect in 2025. As a barometer if BTC remains flat 95,000 to 110,000 we should get no higher than 250,000 to 265,000. If however we get 200,000 by December 31 you could be looking at 350,000 to 375,000. On average I‚Äôm expecting the average crypto to go up 250% of its Dec 31 price. Just my opinion.. what‚Äôs your‚Äôs ?",9,https://www.reddit.com/r/CryptoMarkets/comments/1hd7rnz/different_type_of_bull_market_in_2025/,2024-12-13 00:18:52,MakeItMine2024,46,CryptoMarkets,0.6,-0.07092074592074592
76,1hcua2v,Quantum computers,"Can BTC change its algorithm to be quantum resistant ? 
What is gonna happen to btc when quantum computers take over ? ",2,https://www.reddit.com/r/CryptoMarkets/comments/1hcua2v/quantum_computers/,2024-12-12 12:19:01,Dismal-Recording3069,7,CryptoMarkets,0.67,0.0
77,1hcs77d,Best place for an IRA that can still access all the crypto ETFs,"While I can access BTC ETFs I can not access:  
\- ETH ETF's  
\- International ETFs like AADA.SW from a Swiss company called 21 Shares

The two SDIRA's I've looked at would charge 1% fee for every buy/sell so seems best to find a suitable platform that can access the IRA's vs. buying direct via the SDIRA.

What platform do you use for your Crypto ETFs and can it access more than just BTC ETFs?",1,https://www.reddit.com/r/CryptoMarkets/comments/1hcs77d/best_place_for_an_ira_that_can_still_access_all/,2024-12-12 10:49:39,mement0m0ri,0,CryptoMarkets,1.0,0.3166666666666667
78,1hcqgkl,How do you DYOR ?,"Hello, I recently started investing in cryptos and as I knew nothing about it, I just blindly started a dca in btc, sol and eth.

Now that I‚Äôm reading and learning about cryptos and their underlying technologies, I want to take a look at other altcoins.

I‚Äôm curious about how you guys do your researches so here are my questions: what are your criterias to consider a project solid?
What are the most important things to check and what can, in your opinion, be considered a green flag¬†or a red flag ?",3,https://www.reddit.com/r/CryptoMarkets/comments/1hcqgkl/how_do_you_dyor/,2024-12-12 09:35:16,t0mares,7,CryptoMarkets,0.71,-0.002777777777777774
79,1hcpr9g,Buying ALT coins using USD vs BTC,"I am some how new to Crypto and I am trying to understand what is the best way to buy Altcoins. I currently have BTC and I want to use it to buy other coins.
Should I convert my BTC into USD then buy altcoin or should I just buy the altcoin using BTC. What is the best option if for example I have both USD and BTC available (FYl, I am using Kraken Pro). Which one should I use to buy Altcoins? After reading some I get that using BTC would have exposure to the BTC price. Giving that BTC is nearly ATH and there might be some downside, should I just rely on USD as the price is more stable? Doesn't the altcoin bull run happens when people unload BTC into the Altcoins? Wouldn't that affects the gains if I have the altcoin in BTC?
USDvsBTC #altcoins",1,https://www.reddit.com/r/CryptoMarkets/comments/1hcpr9g/buying_alt_coins_using_usd_vs_btc/,2024-12-12 09:05:39,Competitive_Soft5315,0,CryptoMarkets,1.0,0.37642045454545453
80,1hcpbb8,What crypto to invest on?,I have been thinking of different crypto to invest on but havent been able to set my mind on anything people have been investing on btc ‚Äùstill‚Äù on what ive been reading. Ehat do you guys suggest. Im kind of new to this crypto scheem.,2,https://www.reddit.com/r/CryptoMarkets/comments/1hcpbb8/what_crypto_to_invest_on/,2024-12-12 08:47:08,OBEEZ26,54,CryptoMarkets,0.55,0.3090909090909091
81,1hchtg4,Ethereum Moving Forward ,"Personally, I‚Äôm expecting ETH to top August of next year as that has been the pattern the last two cycles (not based on calendar month but based on days after BTC halving). 

However, im thinking about next bull run. 

Personally, since the fundamentals of ethereum lack that of newer layer ones, I can‚Äôt see it being the narrative of next cycle, and therefore am anticipating a heavy dump at the end of this cycle. 

I‚Äôd love to hear your thoughts. ",1,https://www.reddit.com/r/CryptoMarkets/comments/1hchtg4/ethereum_moving_forward/,2024-12-12 01:59:46,Separate_Detective_9,9,CryptoMarkets,0.67,0.08888888888888889
82,1hcbwmq,Sold BTC what now,I did a sell order for $500 BTC but didn‚Äôt realise I entered an extra 0 and now it‚Äôs $5000.. oops. So now I have 5K in my account because BTC hit 101k. I still own some BTC just didn‚Äôt need the 5k. What should I invest into with the 5K? Should I put majority back into BTC and buy other stuff? Any advice appreciated! Thanks :) ,0,https://www.reddit.com/r/CryptoMarkets/comments/1hcbwmq/sold_btc_what_now/,2024-12-11 19:19:22,Swimming-Exchange-76,53,CryptoMarkets,0.33,0.20357142857142857
83,1hc8irs,Transferring Dot from Exodus to Kraken,"I have a small amount of Dot (under 50) I want to transfer from my exodus wallet to kraken. Is there anything I have to take care of? Can I send EVERYTHING out to my kraken account or do I have to subtract the fees?

Or let me rephrase. Assume the deposit fee is 1 Dot, can I go to Exodus->send 50 dot to kraken or can I only send 49 (and the remaining 1 dot will be subtracted from my exodus wallet). 

Also I have a trezor with Eth and Btc. I heard the Eth gas fees can be extremely high (70$ something). Does this apply here as well",0,https://www.reddit.com/r/CryptoMarkets/comments/1hc8irs/transferring_dot_from_exodus_to_kraken/,2024-12-11 16:26:23,Moppmopp,4,CryptoMarkets,0.5,-0.03
84,1hbthyv,How do I prevent my Parents buying Crypto?,"So after every thing got up and I did talked about Crypto a lot about crypto my parents wants also to invest in to crypto. In the first place ist a good Idea right?

The investment Horizont is 10 year (they need to pay the house then, 200k). 

One time investmetn 10k ‚Ç¨. 

They do have some unrealistic expectation, like comparing the five years in gains to the coming next 10 years, becouse Bitcoin did made a 10x and eth 100x, doenst mean this gonna happen now again. i mean come on that was bevor corona, and the market cap now is also just gigantic. 

There ""slogan"" is, when I need a save investment i would buy gold, so lets just take a bigger risk and buy alt coin with btc. My response was that gold is the same as btc.

After asking GPT they are considering buying BTC, ETH and BNB. 

I dont have a problem with BTC and Eth, but bnb?? I think this is too risky considering FTX and the dependes to Binance, change my mind.  I could understand xrp, sol or ada but bnb??

  
my suggestion was also to buy now 1k and the next 1k in three moonths, and looking at the market, becouse bitcoin is gonna fallen sooner or later to at least, 90k. there is no need to buy at the top.

They want to invest most of it in the coming month. 

  
What arguments should i use, how can i show them the situation about Crypto, and what should i suggestem to buy? ",0,https://www.reddit.com/r/CryptoMarkets/comments/1hbthyv/how_do_i_prevent_my_parents_buying_crypto/,2024-12-11 05:30:49,BitRepulsive2260,50,CryptoMarkets,0.39,0.06738095238095236
85,1hbfa2x,Seeking Feedback: Switching Between Bitcoin and Other Cryptos Based on Market Cycles‚ÄîIs It Worth It?,"Hi everyone,

I‚Äôve been reflecting on my crypto investment strategy and wanted to share it here for discussion. My approach is relatively simple:

* For most of the market cycle, I stick to **Bitcoin (BTC)** due to its stability, dominance, and long-term value as a store of wealth.
* During the speculative peaks of bull markets, I consider allocating to other assets, primarily **Ethereum (ETH)** (which I personally view as the ""second-best"" crypto asset) and occasionally select altcoins, aiming to capitalize on their typically higher returns during these periods.

# Key Questions I‚Äôm Exploring:

1. **Long-Term Effectiveness**: Is this strategy effective over multiple cycles? While it sounds logical, I want to understand its performance when tested against historical data. Have others here tried a similar approach?
2. **Alternative Strategies**: Are there alternative approaches that have proven to be more reliable? For instance, would a diversified portfolio of BTC + ETH throughout the cycle outperform my timing-based approach?
3. **Timing the Market**: For those who favor switching between assets, what metrics or indicators have you found helpful? Examples could include Bitcoin dominance, ETH/BTC ratios, or broader macro trends.

I recognize the inherent challenges in timing the market, and I‚Äôm eager to hear differing perspectives. Some of you may advocate for a more passive allocation strategy, and I‚Äôm open to learning why that might be better over the long term.

# Why I‚Äôm Asking:

I‚Äôm really committed to making informed, data-driven decisions in crypto investing. I want to move beyond intuition or hype and understand what works best in the long run. I value the insights of this community and would love to hear your thoughts, experiences, and critiques of this approach.

Thanks for taking the time to read and share your views. I look forward to the discussion!",1,https://www.reddit.com/r/CryptoMarkets/comments/1hbfa2x/seeking_feedback_switching_between_bitcoin_and/,2024-12-10 15:16:46,TaxLawyerCol,3,CryptoMarkets,0.67,0.21250000000000002
86,1hbbu1j,Better to DCA into BTC now or wait for bear market to invest?,"Hey guys,

Currently most of my portfolio is in alts and I only hold a small amount in BTC. My sentiment was that it‚Äôs better to invest in alts during the bull and put profits into BTC during the bear, but now I‚Äôm having second thoughts. I don‚Äôt plan on selling my portfolio to convert into BTC right now, but for future allocations, should I just DCA into BTC or should I wait for the bear market and keep investing in alts? ",0,https://www.reddit.com/r/CryptoMarkets/comments/1hbbu1j/better_to_dca_into_btc_now_or_wait_for_bear/,2024-12-10 12:46:48,halorocks22,7,CryptoMarkets,0.5,0.14795918367346936
